{
  "phase1": {
    "accuracy": [
      0.20000000298023224,
      0.4000000059604645,
      0.4000000059604645,
      0.4000000059604645,
      0.4000000059604645,
      0.4000000059604645,
      0.6000000238418579,
      0.4000000059604645,
      0.6000000238418579,
      0.6000000238418579,
      0.4000000059604645
    ],
    "auc": [
      0.25,
      0.75,
      0.25,
      0.5,
      0.375,
      0.5,
      0.75,
      1.0,
      1.0,
      1.0,
      0.75
    ],
    "loss": [
      0.9933320879936218,
      0.779476523399353,
      1.0473992824554443,
      0.8334254026412964,
      0.8063318133354187,
      0.7506641149520874,
      0.7522335052490234,
      0.568149209022522,
      0.6213265657424927,
      0.462372362613678,
      0.660982608795166
    ],
    "precision": [
      0.0,
      0.25,
      0.25,
      0.25,
      0.25,
      0.25,
      0.3333333432674408,
      0.25,
      0.3333333432674408,
      0.3333333432674408,
      0.25
    ],
    "recall": [
      0.0,
      1.0,
      1.0,
      1.0,
      1.0,
      1.0,
      1.0,
      1.0,
      1.0,
      1.0,
      1.0
    ],
    "val_accuracy": [
      0.0,
      0.0,
      0.0,
      0.0,
      0.0,
      0.0,
      0.0,
      0.0,
      0.0,
      0.0,
      0.0
    ],
    "val_auc": [
      0.0,
      0.0,
      0.0,
      0.0,
      0.0,
      0.0,
      0.0,
      0.0,
      0.0,
      0.0,
      0.0
    ],
    "val_loss": [
      1.7697089910507202,
      1.7568566799163818,
      1.745046615600586,
      1.7358776330947876,
      1.7195810079574585,
      1.7032661437988281,
      1.6815322637557983,
      1.6587320566177368,
      1.6335819959640503,
      1.613870620727539,
      1.5886679887771606
    ],
    "val_precision": [
      0.0,
      0.0,
      0.0,
      0.0,
      0.0,
      0.0,
      0.0,
      0.0,
      0.0,
      0.0,
      0.0
    ],
    "val_recall": [
      0.0,
      0.0,
      0.0,
      0.0,
      0.0,
      0.0,
      0.0,
      0.0,
      0.0,
      0.0,
      0.0
    ],
    "learning_rate": [
      9.999999747378752e-05,
      9.999999747378752e-05,
      9.999999747378752e-05,
      9.999999747378752e-05,
      9.999999747378752e-05,
      9.999999747378752e-05,
      9.999999747378752e-05,
      9.999999747378752e-05,
      9.999999747378752e-05,
      9.999999747378752e-05,
      9.999999747378752e-05
    ]
  },
  "phase2": {
    "accuracy": [
      0.4000000059604645,
      0.4000000059604645,
      0.4000000059604645,
      0.4000000059604645,
      0.20000000298023224,
      0.4000000059604645,
      0.6000000238418579,
      0.6000000238418579,
      0.4000000059604645,
      0.6000000238418579,
      0.6000000238418579,
      0.6000000238418579,
      0.0,
      0.4000000059604645,
      0.4000000059604645,
      0.4000000059604645
    ],
    "auc": [
      0.75,
      1.0,
      0.0,
      0.25,
      0.25,
      0.75,
      1.0,
      1.0,
      0.75,
      1.0,
      1.0,
      0.5,
      0.0,
      0.75,
      0.5,
      0.5
    ],
    "loss": [
      0.8939880132675171,
      0.5690170526504517,
      0.9870503544807434,
      0.9192739725112915,
      0.9868413805961609,
      0.7489694356918335,
      0.5563226938247681,
      0.6776015162467957,
      0.9358552098274231,
      0.4447222650051117,
      0.4200984537601471,
      0.8852005004882812,
      1.1541863679885864,
      0.6647652387619019,
      0.7829580307006836,
      0.7386640906333923
    ],
    "precision": [
      0.25,
      0.25,
      0.0,
      0.25,
      0.0,
      0.25,
      0.3333333432674408,
      0.3333333432674408,
      0.25,
      0.3333333432674408,
      0.3333333432674408,
      0.3333333432674408,
      0.0,
      0.25,
      0.0,
      0.25
    ],
    "recall": [
      1.0,
      1.0,
      0.0,
      1.0,
      0.0,
      1.0,
      1.0,
      1.0,
      1.0,
      1.0,
      1.0,
      1.0,
      0.0,
      1.0,
      0.0,
      1.0
    ],
    "val_accuracy": [
      0.0,
      0.0,
      0.0,
      0.0,
      0.0,
      0.0,
      0.0,
      0.0,
      0.0,
      0.0,
      0.0,
      0.0,
      0.0,
      0.0,
      0.0,
      0.0
    ],
    "val_auc": [
      0.0,
      0.0,
      0.0,
      0.0,
      0.0,
      0.0,
      0.0,
      0.0,
      0.0,
      0.0,
      0.0,
      0.0,
      0.0,
      0.0,
      0.0,
      0.0
    ],
    "val_loss": [
      1.7573375701904297,
      1.7450082302093506,
      1.7367304563522339,
      1.723374605178833,
      1.7185803651809692,
      1.7111196517944336,
      1.705005407333374,
      1.6887009143829346,
      1.6773542165756226,
      1.6741135120391846,
      1.6676970720291138,
      1.6597968339920044,
      1.6493247747421265,
      1.643351435661316,
      1.6393413543701172,
      1.6307737827301025
    ],
    "val_precision": [
      0.0,
      0.0,
      0.0,
      0.0,
      0.0,
      0.0,
      0.0,
      0.0,
      0.0,
      0.0,
      0.0,
      0.0,
      0.0,
      0.0,
      0.0,
      0.0
    ],
    "val_recall": [
      0.0,
      0.0,
      0.0,
      0.0,
      0.0,
      0.0,
      0.0,
      0.0,
      0.0,
      0.0,
      0.0,
      0.0,
      0.0,
      0.0,
      0.0,
      0.0
    ],
    "learning_rate": [
      9.999999747378752e-06,
      9.999999747378752e-06,
      9.999999747378752e-06,
      9.999999747378752e-06,
      9.999999747378752e-06,
      9.999999747378752e-06,
      9.999999747378752e-06,
      9.999999747378752e-06,
      9.999999747378752e-06,
      9.999999747378752e-06,
      9.999999747378752e-06,
      9.999999747378752e-06,
      9.999999747378752e-06,
      9.999999747378752e-06,
      9.999999747378752e-06,
      9.999999747378752e-06
    ]
  },
  "class_info": {
    "class_names": [
      "fake",
      "real"
    ],
    "fake_is_first": true,
    "real_count": 4,
    "fake_count": 1,
    "class_weights": {
      "0": 0.625,
      "1": 2.5
    }
  }
}